{"flutter":{"platforms":{"android":{"default":{"projectId":"superbiz-da7d1","appId":"1:630568770548:android:de4ed33c3e7f5646a7b7a1","fileOutput":"android/app/google-services.json"}},"dart":{"lib/firebase_options.dart":{"projectId":"superbiz-da7d1","configurations":{"android":"1:630568770548:android:de4ed33c3e7f5646a7b7a1","ios":"1:630568770548:ios:2fdf7979f2752a41a7b7a1","macos":"1:630568770548:ios:2fdf7979f2752a41a7b7a1","web":"1:630568770548:web:62dd7249aaffc5f8a7b7a1","windows":"1:630568770548:web:7015acc25dcc08eca7b7a1"}}}}}}