{
  "project_info": {
    "project_number": "630568770548",
    "project_id": "superbiz-da7d1",
    "storage_bucket": "superbiz-da7d1.firebasestorage.app"
  },
  "client": [
    {
      "client_info": {
        "mobilesdk_app_id": "1:630568770548:android:de4ed33c3e7f5646a7b7a1",
        "android_client_info": {
          "package_name": "com.example.superbiz"
        }
      },
      "oauth_client": [],
      "api_key": [
        {
          "current_key": "AIzaSyDTvqcTq8EPQXANJ5aDSDGRToKXnGthh_4"
        }
      ],
      "services": {
        "appinvite_service": {
          "other_platform_oauth_client": []
        }
      }
    }
  ],
  "configuration_version": "1"
}